Aligned_Sequence	NHEJ	UNMODIFIED	HDR	n_deleted	n_inserted	n_mutated	#Reads	%Reads
AGGTTTCTACGATAAAGACAGTTCAGGGTGGAGTTCTAGCAAAGATAAGGATGCGTATAGCAGTTTTGGATCTCGTAGTGATTCAAGAGGGAAGTCTAGCTTCTTCAGTGATCGTGGAAGTGGATCAAGGGGAAGGTAAGTGATTTCTTAATCACCTTACGTGTATGTATAATAACAGTTTAATAAGTCGTTATCCTGACCACCTGTTTGGATGTTAAGCATTATGTCTGTTTGGTCATTGTATTTTCTTAGCCGTAAGAGGC	False	True	False	0	0.0	0	212	39.9246704331
AGGTTTCTACGATAAAGACAGTTCAGGGTGGAGTTCTAGCAAAGATAAGGATGCGTATAGCAGTTTTGGATCTCGTAGTGATTCAAGAGGGAAGTCTAGCTTCTTCAGTGATCGTGGAAGTGGATCAAGGGGAAGGTAAGTGATTTCTTAATCACCTTACGTGTATGTATAATAACAGTTTAATAAGTCGTTATCCTGACCACCTGTTTGGATGTTAAGCATTATGTCTGTTTGGTCATTGTATTTNCTTAGCCGTAAGAGGC	False	True	False	0	0.0	0	177	33.3333333333
AGGTTTCTACGATAAAGACAGTTCAGGGTGGAGTTCTAGCAAAGATAAGGATGCGTATAGCAGTTTTGGATCTCGTAGTGATTCAAGAGGGAAGTCTAGCTTCTTCAGTGATCGTGGAAGTGGATCAAGGGGAAGGTAAGTGATTTCTTAATCACCTTACGTGTATGTATAATAACAGTTTAATAAGTCGTTATCCTGACCACCTGTTTGGATGTTAAGCATTATGTCTGTTTGGTCATTGTATTTTCTTNGCCGTAAGAGGC	False	True	False	0	0.0	0	10	1.88323917137
AGGTTTCTACGATAAAGACAGTTCAGGGTGGAGTTCTAGCAAAGATAAGGATGCGTATAGCAGTTTTGGATCTCGTAGTGATTCAAGAGGGAAGTCTAGCTTCTTCAGTGATCGTGGAAGTGGATCAGGGGGAAGGTAAGTGATTTCTTAATCACCTTACGTGTATGTATAATAACAGTTTAATAAGTCGTTATCCTGACCACCTGTTTGGATGTTAAGCATTATGTCTGTTTGGTCATTGTATTTTCTTAGCCGTAAGAGGC	False	True	False	0	0.0	0	5	0.941619585687
AGGTTTCTACGATAAAGACAGTTCGGGGTGGAGTTCTAGCAAAGATAAGGATGCGTATAGCAGTTTTGGATCTCGTAGTGATTCAAGAGGGAAGTCTAGCTTCTTCAGTGATCGTGGAAGTGGATCAGGGGGAAGGTAAGTGATTTCTTAATCACCTTACGTGTATGTATAATAACAGTTTAATAAGTCGTTATCCTGACCACCTGTTTGGATGTTAAGCATTATGTCTGTTTGGTCATTGTATTTTCTTAGCCGTAAGAGGC	False	True	False	0	0.0	0	5	0.941619585687
AGGTTTCTACGATAAAGACAGTTCAGGGTGGAGTTCTAGCAAAGATAAGGATGCGTATAGCAGTTTTGGATCTCGTAGTGATTCAAGAGGGAAGTCTAGCTTCTTCAGTGATCGTGGAAGTGGATCAAGGGGAAGGTAAGTGATTTCTTAATCACCTTACGTGTATGTATAATAACAGTTTAATAAGTCGTTATCCTGACCACCTGTTGGGATGTTAAGCATTATGTCTGTTTGGTCATTGTATTTTCTTAGCCGTAAGAGGC	False	True	False	0	0.0	0	4	0.75329566855
AGGTTTCTACGATAAAGACAGTTCAGGGTGGAGTTCTAGCAAAGATAAGGATGCGTATAGCAGTTTTGGATCTCGTAGTGATTCAAGAGGGAAGTCTAGCTTCTTCAGTGATCGTGGAAGTGGATCAAGGGGAAGGTAAGTGATTTCTTAATCACCTTACGTGTATGTATAATAACAGTTTAATAAGTCGTTATCCTGACCACCTGTTTGGATGTTAAGCATTATGTCTGTTTGGTCATTGTATTNTCTTAGCCGTAA-AGGC	False	True	False	0	0.0	0	4	0.75329566855
AGGTTTCTACGATAAAGACAGTTCAGGGTGGAGTTCTAGCAAAGATAAGGATGCGTATAGCAGTTTTGGATCTCGTAGTGATTCAAGAGGGAAGTCTAGCTTCTTCAGTGATCGTGGAAGTGGATCAAGGGGAAGGTAAGTGATTTCTTAATCACCTTACGTGTATGTATAATAACAGTTTAATAAGTCGTTATCCTGACCCCCTGTTTGGATGTTAAGCATTATGTCTGTTTGGTCATTGTATTTTCTTAGCCGTAAGAGGC	False	True	False	0	0.0	0	2	0.376647834275
AGGTTTCTACGATAAAGACAGTTCAGGGTGGAGTTCTAGCAAAGATAAGGATGCGTATAGCAGTTTTGGATCTCGTAGTGATTCAAGAGGGAAGTCTAGCTTCTTCAGTGATCGTGGAAGTGGATCAAGGGGAAGGTAAGTGATTTCTTAATCACCTTACGTGTATGTATAATAACAGTTTAATAAGTCGTTATCCTGACCACCTGTTTGGATGTTAAGCATTATGCCTGTTTGGTCATTGTATTTNCTTAGCCGTAAGAGGC	False	True	False	0	0.0	0	2	0.376647834275
AGGTTTCTACGATAAAGACAGTTCAGGGTGGAGTTCTAGCAAAGATAAGGATGCGTATAGCAGTTTTGGATCTCGTAGTGATTAAAGAGGGAAGTCTAGCTTCTTCAGTGATCGTGGAAGTGGATCAAGGGGAAGGTAAGTGATTTCTTAATCACCTTACGTGTATGTATAATAACAGTTTAATAAGTCGTTATCCTGACCACCTGTTTGGATGTTAAGCATTATGTCTGTTTGGTCATTGTATTTTCTTAGCCGTAAGAGGC	False	True	False	0	0.0	0	2	0.376647834275
AGGTTTCTACGATAAAGACAGTTCAGGGTGGAGTTCTAGCAAAGATAAGGATGCGTATAGCAGTTTTGGATCTCGTAGTGATTAAAGAGGGAAGTCTAGCTTCTTCAGTGATCGTGGAAGTGGATCAAGGGGAAGGTAAGTGATTTCTTAATCACCTTACGTGTATGTATAATAACAGTTTAATAAGTCGTTATCCTGACCACCTGTTTGGATGTTAAGCATTATGTCTGTTTGGTCATTGTATTTNCTTAGCCGTATGAGGC	False	True	False	0	0.0	0	2	0.376647834275
AGGTTTCTACGATAAAGACAGTTCAGGATGGAGTTCTAGCAAAGATAAGGATGCGTATAGCAGTTTTGGATCTCGTAGTGATTCAAGAGGGAAGTCTAGCTTCTTCAGTGATCGTGGAAGTGGATCAAGGGGAAGGTAAGTGATTTCTTAATCACCTTACGTGTATGTATAATAACAGTTTAATAAGTCGTTATCCTGACCACCTGTTTGGATGTTAAGCATTATGTCTGTTTGGTCATTGTATTTTCTTAGCCGTAAGAGGC	False	True	False	0	0.0	0	2	0.376647834275
AGGTTTCTACGATAAAGACAGTTCAGGGTGGAGTTCTAGCAAAGATAAGGATGCGTATAACAGTTTTGGATCTCGTAGTGATTCAAGAGGGAAGTCTAGCTTCTTCAGTGATCGTGGAAGTGGATCAAGGGGAAGGTAAGTGATTTCTTAATCACCTTACGTGTATGTATAATAACAGTTTAATAAGTCGTTATCCTGACCACCTGTTTGGATGTTAAGCATTATGTCTGTTTGGTCATTGTATTTTCTTAGCCGTAAGAGGC	False	True	False	0	0.0	0	2	0.376647834275
AGGTTTCTACGATAAAGACAGTTCAGGGTGGAGTTCTAGCAAAGATAAGGATGCGTATAGCAGTTTTGGATCTCGTAGTGATTCAAGAGGGAAGTCTAGCTTCTTCAGTGATCGTGGAAGTGGATCAATGGGAAGGTAAGTGATTTCTTAATCACCTTACGTGTATGTATAATAACAGTTTAATAAGTCGTTATCCTGACCACCTGTTTGGATGTTAAGCATTATGTCTGTTTGGTCATTGTATTTNCTTAGCCGTAAGAGGC	False	True	False	0	0.0	0	2	0.376647834275
AGGTTTCTACGATAAAGACAGTTCAGGGTGGAGTTCTAGCAAAGATAAGGATGCGTATAGCAGTTTTGGATCTCGTAGTGATTCAAGAGGGAAGTCTAGCTTCTTCAGTGATCGTGGAAGTGGATCAAGGGGAAGGTAAGTGATTTCTTAATCACCTTACGTGTATGTATAATAACAGTTTAATAAGTCGTTATCCTGACCACCTGTTTGGATGTTAAGCATTATGTCTGTTTGGTCATTGTATTTTCTTAGACGTAAGAGGC	False	True	False	0	0.0	0	2	0.376647834275
AGGTTTCTACGATAAAGACAGTTCAGGGTGGAGTTCTAGCAAAGATAAGGATGCGTATAGCAGTTTTGGATCTCGTAGTGATTCAAGAGGGAAGTCTAGCTTCTTCAGTGATCGTGGAAGTGGATCAAGGGGAAGGTAAGTGATTTCTTAATCACCTTACGTGTATGTAGAATAACAGTTTAATAAGTCGTTATCCTGACCACCTGTTTGGATGTTAAGCATTATGTCTGTTTGGTCATTGTATTTTCTTAGCCGTAAGAGGC	False	True	False	0	0.0	0	2	0.376647834275
AGGTTTCTACGATAAAGACAGTTCAGGGTGGAGTTCTAGCAAAGATAAGGATGCGTATAGCAGTTTTGGATCTCGTAGTGATTCAAGAGGGAAGTCTAGCTTCTTCAGTGATCGTGGAAGTGGATCAAGGGGAAGGTAAGTGATTTCTTAATCTCCTTACGTGTATTTATATTAACAGTTTAATGAGTCGTTATCCTGACCGCCTGTTTGGATGTTAAGCATTATGTCTGTTTGGTCATTGTATTTTCTTATCCGTAAGAGGC	False	True	False	0	0.0	0	1	0.188323917137
AGGTTTCTACGATAAAGACAGTTCAGGGTGGAGTTCTAGCAAAGATAAGGATGCGTATAGCAGTTTTGGATCTCGTAGTGATTCAAGAGGGAAGTCTAGCTTCTTCAGTGATCGTGGAAGTGGATCAAGGGGAAGGTAAGTGATTTCTTAATCCCCTTACGTTTATGTATAATAACAGTTTAATAAGTCGTTATCCTGCCCTCCTGTTTGGATGTTAAGCATTATGTCTGTTTGGTCATTGTATTTTCTTAGCCGTAAGAGGC	False	True	False	0	0.0	0	1	0.188323917137
AGGTTTCTACGATAAAGACAGTTCAGGGTGGAGTTCTAGCAAAGATAAGGATGCGTATAGCAGTTTTGGATCTCGTAGTGATTCAAGAGGGAAGTCTAGCTTCTTCAGTGATCGTGGAAGTGGATCAAGGGGAAGGTAAGTGATTTCTTAATCCCCTTACGTGGATGTATAATAACAGTTTAATAAGTCGTTATCCTGACCACCTGTTTGGATGTTAAGCATTATGTCTGTTTGGTCATTGTATTTTCTTAGCCGTAAGAGGC	False	True	False	0	0.0	0	1	0.188323917137
AGGTTTCTACGATAAAGACAGTTCAGGGTGGAGTTCTAGCAAAGATAAGGATGCGTATAGCAGTTTTGGATCTCGTAGTGATTCAAGAGGGAAGTCTAGCTTCTTCAGTGATCGTGGAAGTGGATCAAGGGGAAGGTAAGTGATTTCTTAATCACTTTACGTGTATGTATAATAACAGTTTGATAAGTCGTTATCCTGACCACCTGTTTGGATGTTAAGCATTATGTCTGTTTGGTCATTGTATTTNCTTAGCCGTAAGAGGC	False	True	False	0	0.0	0	1	0.188323917137
AGGTTTCTACGATAAAGACAGTTCAGGGTGGAGTTCTAGCAAAGATAAGGATGCGTATAGCAGTTTTGGATCTCGTAGTGATTCAAGAGGGAAGTCTAGCTTCTTCAGTGATCGTGGAAGTGGATCAAGGGGAAGGTAAGTGATTTCTTAATCACCTTACGTGTATGTATAATAACAGTTTAATAAGTCGTTATCCTTACCACCTGTTTGGATGTTAAGCATTATGTCTGTTTGGTCATTGTATTTNCTTAGCCGTAAGAGGC	False	True	False	0	0.0	0	1	0.188323917137
AGGTTTCTACGATAAAGACAGTTCAGGGTGGAGTTCTAGCAAAGATAAGGATGCGTATAGCAGTTTTGGATCTCGTAGTGATTCAAGAGGGAAGTCTAGCTTCTTCAGTGATCGTGGAAGTGGATCAAGGGGAAGGTAAGTGATTTCTTAATCACTTTACGTGTATGTATAATAACAGTTTAATAAGACGTTATCCTGACCACCTGTTTGGATGTTAAGCATTATGTCTGTTGGGTCATTGTATTTTCTTAGCCGTAAGAGGC	False	True	False	0	0.0	0	1	0.188323917137
AGGTTTCTACGATAAAGACAGTTCAGGGTGGAGTTCTAGCAAAGATAAGGATGCGTATAGCAGTTTTGGATCTCGTAGTGATTCAAGAGGGAAGTCTAGCTTCTTCAGTGATCGTGGAAGTGGATCAAGGGGAAGGTAAGTGATTTCTTAATCACCTTTCGTGTATGTATAATAACAGTTTAATAAGTCGTTATCCTGACCACCTGTTTGGATGTTAAGCATTATGTCTGTTTGGTCATTGTATTTTCTTAGCCGTAAGAGGC	False	True	False	0	0.0	0	1	0.188323917137
AGGTTTCTACGATAAAGACAGTTCAGGGTGGAGTTCTAGCAAAGATAAGGATGCGTATAGCAGTTTTGGATCTCGTAGTGATTCAAGAGGGAAGTCTAGCTTCTTCAGTGATCGTGGAAGTGGATCAAGGGGAAGGTAAGTGATTTCTTAATCACCTTACGTGTATGTATAATGACAGTTTAATAAGTCGTTATCCTGACCACCTGTTTGGATGTTAAGCATTATGTCTGTTTGGTCATTGTATTTNCTTAGCCGTAAGAGGC	False	True	False	0	0.0	0	1	0.188323917137
AGGTTTCTACGATAAAGACAGTTCAGGGTGGAGTTCTAGCAAAGATAAGGATGCGTATAGCAGTTTTGGATCTCGTAGTGATTCAAGAGGGAAGTCTAGCTTCTTCAGTGATCGTGGAAGTGGATCAAGGGGATGGTAAGTGATTTCTTAATCACCTTACGTGTATGTATAATAACAGTTTAATAAGTCGTTATCCTGACCACCTGTTTGGATGTTAAGCATTATGTCTGTTTGGTCATTGTATTTNCTTAGCCGTAAGAGGC	False	True	False	0	0.0	0	1	0.188323917137
AGGTTTCTACGATAAAGACAGTTCAGGGTGGAGTTCTAGCAAAGATAAGGATGCGTATAGCAGTTTTGGATCTCGTAGTGATTCAAGAGGGAAGTCTAGCTTCTTCAGTGATCGTGGAAGTGGATCAAGGGGAAGGTAAGTGATTTCTTAATCACCTTACGTGTATGTATAATAACAGTTTAATAAGTCGTTATCCTGACCTCCTGTTTGGATGTTAAGCATTATGTCTGTTTGGTCATTGTATTTNCTTAGCCGTAAGAGGC	False	True	False	0	0.0	0	1	0.188323917137
AGGTTTCTACGATAAAGACAGTTCAGGGTGGAGTTCTAGCAAAGATAAGGATGCGTATAGCAGTTTTGGATCTCGTAGTGATTCAAGAGGGAAGTCTAGCTTCTTCAGTGATCGTGGAAGTGGATCAAGGGGAAGGTAAGTGATTTCTTAATCACCTTACGTGTATGTATAATAACAGTTTAATAAGTCGTTATCCTGACCTCCGGTGTGGATGTTAAGCAGTATGTCTGTTTGGGCAGTGTAGTTGATTAGCCGTAAGAGGC	False	True	False	0	0.0	0	1	0.188323917137
AGGTTTCTACGATAAAGACAGTTCAGGGTGGAGTTCTAGCAAAGATAAGGATGCGTATAGCAGTTTTGGATCTCGTAGTGATTCAAGAGGGAAGTCTAGCTTCTTCAGTGATCGTGGAAGTGGATCAAGGGGAAGGTAAGTGATTTCTTAATCACCTTACGTGTATGTATAATAACAGTTTAATAAGTCGTTATCCTGACCCCCTGTTTGGATGTTAAGCATTATGTCTGTTTGGTCATTGTATTTTC-TAGCCGTAAGAGGC	False	True	False	0	0.0	0	1	0.188323917137
AGGTTTCTACGATAAAGACAGTTCAGGGTGGAGTTCTAGCAAAGATAAGGATGCGTATAGCAGTTTTGGATCTCGTAGTGATTCAAGAGGGAAGTCTAGCTTCTTCAGTGATCGTGGAAGTGGATCAAGGGGAAGGTAAGTGATTTCTTAATCACCTTACGTGTATGTATAATAACAGTTTAATAAGTCGTTATCCTGACCACCTGTTTGGATGTTAAGCATTATGTTTGTTTGGTCATTGTATTTTCTTAGCCGTAAGAGGC	False	True	False	0	0.0	0	1	0.188323917137
AGGTTTCTACGATAAAGACAGTTCAGGGTGGAGTTCTAGCAAAGATAAGGATGCGTATAGCAGTTTTGGATCTCGTAGTGATTCAAGAGGGAAGTCTAGCTTCTTCAGTGATCGTGGAAGTGGATCAAGGGGAAGGTAAGTGATTTCTTAATCACCTTACGTGTATGTATAATAACAGTTTAATAAGTCGTTATCCTGACCACCTGTTTGGATGTTAAGCATTATGTCTGTTTGGTCATTGTATTTTCTTAGCCGTGAGAGGC	False	True	False	0	0.0	0	1	0.188323917137
AGGTTTCTACGATAAAGACAGTTCAGGGTGGAGTTCTAGCAAAGATAAGGATGCGTATAGCAGTTTTGGATCTCGTAGTGATTCAAGAGGGAAGTCTAGCTTCTTCAGTGATCGTGGAAGTGGATCAAGGGGAAGGTAAGTGATTTCTTAATCACCTTACGTGTATGTATAATAACAGTTTAATAAGTCGTTATCCTGACCACCTGTTTGGATGTTAAGCATTATGTCTGTTTGGTCATTGTATTTTCTTAGCCGTAAGC---	False	True	False	0	0.0	0	1	0.188323917137
AGGTTTCTACGATAAAGACAGTTCAGGGTGGAGTTCTAGCAAAGATAAGGATGCGTATAGCAGTTTTGGATCTCGTAGTGATTCAAGAGGGAAGTCTAGCTTCTTCAGTGATCGTGGAAGTGGATCAAGGGGAAGGTAAGTGATTTCTTAATCACCTTACGTGTATGTATAATAACAGTTTAATAAGTCGTTATCCTGACCACCTGTTTGGATGTTAAGCATTATGTCTGTTTGGTCATTGTATTTTCTTAGCCGTAAGAGGT	False	True	False	0	0.0	0	1	0.188323917137
AGGTTTCTACGATAAAGACAGTTCAGGGTGGAGTTCTAGCAAAGATAAGGATGCGTATAGCAGTTTTGGATCTCGTAGTGATTCAAGAGGGAAGTCTAGCTTCTTCAGTGATCGTGGAAGTGGATCAAGGGGAAGGTAAGTGATTTCTTAGTCACCTTGCGTGTATGTATAATAACAGTTTAATAAGTCGTTATCCTGACCACCTGTTTTGATGTTAAGCATTATGTCTGTTTGGTCATTGTATTTTCTTAGCCGTAAGAGGC	False	True	False	0	0.0	0	1	0.188323917137
AGGTTTCTACGATAAAGACAGTTCAGGGTGGAGTTCTAGCAAAGATAAGGATGCGTATAGCAGTTTTGGATCTCGTAGTGATTCAAGAGGGAAGTCTAGCTTCTTCAGTGATCGTGGAAGTGGATCAGGGGGAAGGTAAGTAATTTCTTAATCACCTTACGTGTATGTATAATAACAGTTTAATAAGTCGTTATCCTGACCACCTGTTTGGATGTTAAGCATTATGTCTGTTTGGTCATTGTATTTTCTTAGCCGTAAGAGGC	False	True	False	0	0.0	0	1	0.188323917137
AGGTTTCTACGATAAAGACAGTTCAGGGTGGAGTTCTAGCAAAGATAAGGATGCGTATAGCAGTTTTGGATCTCGTAGTGATTCAAGAGGGAAGTCTAGCTTCTTCAGTGATCGTGGAAGTGGATCAAGGGGGAGGTAAGTGATTTCTTAATCACCTTACGTGTATGTATAATAACAGTTTAATAAGTCGTTATCCTGACCACCTGTTTGGATGTTAAGCATTATGTCTGTTTGGTCATTGTATTTNCTTAGCCGTAAGAGGC	False	True	False	0	0.0	0	1	0.188323917137
AGGTTTCTACGATAAAGACAGTTCAGGGTGGAGTTCTAGCAAAGATAAGGATGCGTATAGCAGTTTTGGATCTCGTAGTGATTCAAGAGGGAAGTCTAGCTTCTTCAGTGATCGTGGAAGTTGATCAAGGGGAAGGTAAGTGATTTCTTAATCACCTTACGTGTATGTATAATAACAGTTTAATAAGTCGTTATCCTGACCACCTGTTTGGATGTTAAGCATTATGTCTGTTTGGTCATTGTATTTNCTTAGCCGTAAGAGGC	False	True	False	0	0.0	0	1	0.188323917137
AGGTTTCTCCG-TAAGAGGCAGATCGGAAGGGCG--GTTC-AGC-------AGGAATGCCGAGACCG-ATCTCAGACTACTATCTCGTATGGAGTCATCTGGTTGGTATAAAATCATCAGTGATCGTGGAAGTGGATCAAGGGGAAGGTAAGTGATTTCTTAATCACCTTACGTGTATGTATAATATCAGTTTTATTTA-TTGTTACGGTGACCACC----TAGATCT---ACACTCTGTACCTTCTCTGCGCTCTTCCGATCTAGNTTTCT---CCGTAAGAGGC	False	True	False	0	0.0	0	1	0.188323917137
AGGTTTCTACGTCAGAGGCAGATC-----GGAAGAGCGGTTC-AGC-------AGGAATGCCG---AGCCCGATCTCTGACCACTATCTCGTA------------TGCAGTCTTCTGCTTGAAAAAAAAACTTCAGTGATCGTGGAAGTGGAGCAAGGGGAAGGTAAGTGATTTCTTAATCTCCTTACGTGTATGTATAATAACAGTTTTTTTTAAT----GATACGGCGACCACC------GA-GATATACACTCTGTCCCTACACGACGCTCTTCCGATC----TAGNTTTC---GACGTAAGAGGC	True	False	False	12	2.0	0	1	0.188323917137
AGGTTTCTACGATAATGACAGTTCAGGGTGGAGTTCTAGCAAAGATAAGGATGCGTATAGCAGTTTTGGATCTCGTAGTGATTCAAGAGGGAAGTCTAGCTTCTTCAGTGATCGTGGAAGTGGATCAAGGGGAAGGTAAGTGATTTCTTAATCACCTTACGTGTATGTATAATAACAGTTTAATAAGTCGTTATCCTGACCACCTGTTTGGATGTTAAGCATTATGTCTGTTTGGTCATTGTATTTTCTTAGCCGTAAGAGGC	False	True	False	0	0.0	0	1	0.188323917137
AGGTTTCTACGATAAGAGGCAGATC-----GGAAGAGCGGTTC-AGC-------AGGAATGCCGAGACCGATCTCTGACCACTATCTCGTA-TGCCTC--------CTTCT-GCTTGACAAAATACTTCAGTGATCGTGGAAGTGGATCAAGGGGAAGGTAAGTGATTTCTTAATCACCTTACGTGTATGTATAATAACATTTTATT-----TAATGATAAGGCGACCACC-----GAGATCTACACTCTTGCCCTA--CACGACGCTCTTCCGAGCTAGG---------NTTCT---ACGATAAGAGGC	True	False	False	10	6.0	0	1	0.188323917137
AGGTTTCTACGATAACGACAGTTCAGGGTGGAGTTCTAGCAAAGATAAGGATGCGTATAGCAGTTTTGGATCTCGTAGTGATTCAAGAGGGAAGTCTAGCTTCTTCAGTGATCGTGGAAGTGGATCAAGGGGAAGGTAAGTGATTTCTTAATCACCTTACGTGTATGTATAATAACAGTTTAATAAGTCGTTATCCTGACCACCTGTTTGGATGTTAAGCATTATGTCTGTTTGGTCATTGTATTTGCTTAGCCGTAAGAGGC	False	True	False	0	0.0	0	1	0.188323917137
AGGTTTCTACGATAACGACAGTTCAGGGCGGAGTTCTAGCAAAGATAAGGATGCGTATTGCAGTTTTGGATCTCGTAGTGATTCAAGAGGGAAGTCTAGCTTCTTCAGTGATCGTGGAAGTGGATCAAGGGGAAGGTAAGTGATTTCTTAATCACCTTACGTGTATGTATAATAACAGTTTAATAAGTCGTTATCCTGACCACCTGTTGGGATGTTAAGCATTATGTCTGTTTGGTCATTGTATTCGCTTAGCCGTAAGAGGC	False	True	False	0	0.0	0	1	0.188323917137
AGGTTTCTACGATAAAGACATTTCAGGGTGGAGTTCTAGCAAAGATAAGGATGCGTATAGCAGTTTTGGATCTCATAGTGATTCAAGAGGGAAGTCTAGCTTCTTCAGTGATCGTGGAAGTGGATCAAGGGGAAGGTAAGTGATTTCTTAATCACCTTACGTGTATGTATAATAACAGTTTAATAAGTCGTTATCCTGACCACCTGTTTGGATGTTAAGCATTATGTCTGTTTGGTCATTGTATTTNCTTAGCCGTAAGAGGC	False	True	False	0	0.0	0	1	0.188323917137
AGGTTTCTACGATAAAGACAGTTCGGGGTGGAGTTCTAGCAAAGATAAGGATGCGTATAGCAGTTTTGGATCTCGTAGTGATTCAAGAGGGAAGTCTAGCTTCTTCAGTGATCGTGGAAGTGGATCAGGGGGAAGGTAAGTGATTTCTTAATCACCTTACGTGTATGTATAATAACAGTTTAATAAGTCGTTATCCTGACCACCTGTTTGGATGTTAAGCATTATGTCTGTTTGGTCATTGCATTTTCTTAGCCGTAAGAGGC	False	True	False	0	0.0	0	1	0.188323917137
AGGTTTCTACGATAAAGACAGTTCAGGTTGGAGTTCTAGCAAAGATAAGGATGCGTATAGCAGTTTTGGATCTCGTAGTGATTCAAGAGGGAAGTCTAGCTTCTTCAGTGATCGTGGAAGTGGATCAAGGGGAAGGTAAGTGATTTCTTAATCACCTTACGTGTATGTATAATAACAGTTGAATAAGTCGTTATCCTGACCACCTGTTGGGATGGTAAGCATTATGTCTGTTTGGTCATTGTATTTTCTTAGCCGTAAGAGGG	False	True	False	0	0.0	0	1	0.188323917137
AGGTTTCTACGATAAAGACAGTTCAGGGTGGAGTTCTATCAAAGATAAGGATGCGTATAGCAGTTTTGGATCTCGTAGTGATTCAAGAGGGAAGTCTAGCTTCTTCAGTGATCGTGGAAGTGGATCAAGGGGAAGGTAAGTGATTTCTTAATCACCTTACGTGTATGTGTAATAACAGTTTAATAAGTCGTTATCCTGACCACCTGTTTGGATGTTAAGCATTATGTCTGTTTGGTCATTGTATTTTCTTAGCCGTAAGAGGC	False	True	False	0	0.0	0	1	0.188323917137
AGGTTTCTACGATAAAGACAGTTCAGGGTGGAGTTCTATCAAAGATAAGGATGCGTATAGCAGTTTTGGATCTCGTAGTGATTCAAGAGGGAAGTCTAGCTTCTTCAGTGATCGTGGAAGTGGATCAAGGGGAAGGTAAGTGATTTCTTAATCACCTTACGTGTATGTATAATAACAGTTTAATAAGTCGTTATCCTGACCACCTGTTTGGATGTTAAGCATTATGTCTGTTTGGTCATTGTATTTNCTTAGCCGTAAGAGGC	False	True	False	0	0.0	0	1	0.188323917137
AGGTTTCTACGATAAAGACAGTTCAGGGTGGAGTTCTAGCAACGATCAGGATGCGTATAGCAGTTTTGGATCTCGTAGTGATTCAAGAGGGAAGTCTAGCTTCTTCAGTGATCGTGGAAGTGGATCAAGGGGAAGGTAAGTGATTTCTTAATCACCTTACGTGTATGTATAATAACAGTTTAATAAGTCGTTATCCTGACCACCTGTTTGGATGTTAAGCATTATGTCTGTTTGGTCATTGTATTTTCTTAGCCGTAAGAGGC	False	True	False	0	0.0	0	1	0.188323917137
AGGTTTCTACGATAAAGACAGTTCAGGGTGGAGTTCTAGCAACGATAAGGATGCGTATAGCAGTTTTGGATCTCGTAGTGATTCAAGAGGGAAGTCTAGCTTCTTCAGTGATCGTGGAAGTGGATCAAGGGGAAGGTAAGTGATTTCTTAATCTCCTTACGTGTATGTATAATATCAGTTTAATAAGTCGTTATCCTGACCACCTGTTTGGATGTTAAGCATTATGTCTGTTTGGTCATTGTATTTNCTTAGCCGTAAGAGGC	False	True	False	0	0.0	0	1	0.188323917137
AGGTTTCTACGATAAAGACAGTTCAGGGTGGAGTTCTAGCAAAGCTAAGGATGCGTATAGCAGTTTTGGATCTCGTAGTGATTCAAGAGGGAAGTCTAGCTTCTTCAGTGATCGTGGAAGTGGATCAAGGGGAAGGTAAGTGATTTCTTAAACACCTTACGTGTATGTAGAATAACAGTTTAATAAGACGGTATCTTAACAGCCAGAAGGGATGTAAAGAATTAGTTCTAGTGGGTCATTGGATAATCATAGACGATAGAGGC	False	True	False	0	0.0	0	1	0.188323917137
AGGTTTCTACGATAAAGACAGTTCAGGGTGGAGTTCTAGCAAAGCTAAGGATGCGCATAGCAGTTTTGGATCTCGTAGTGATTCAAGAGGGAAGTCTAGCTTCTTCAGTGATCGTGGAAGTGGATCAAGGGGAAGGTAAGTGATTTCTTAATCACCTTACGTGTATGTATAATAACAGTTTAATAAGTCGTTATCGTGACCACGTGTATGGATGTTAAGCATTATGTCTGTTTGGTCATTGTATTTNCTTAGCCGTAAGAGGC	False	True	False	0	0.0	0	1	0.188323917137
AGGTTTCTACGATAAAGACAGTTCAGGGTGGAGTTCTAGCAAAGATAAGTATGCGTATAGCAGTTTTGGATCTCGTAGTGATTCAAGAGGGAAGTCTATCTTCTTCAGTGATCGTGGAAGTGGATCAAGGGGAAGGTAAGTGATTTCTTAATCACCTTACGTGTATGTATAATAACAGTTTAATAAGTCGTTATCCTGACCACCTGTTTGGATGTTAAGCATTATGTCTGTTTGGTCATTGTATTTNCTTAGCCGTAAGAGGC	False	True	False	0	0.0	0	1	0.188323917137
AGGTTTCTACGATAAAGACAGTTCAGGGTGGAGTTCTAGCAAAGATAAGGATGTGTATAGCAGTTTTGGATCTCGTAGTGATTCAAGAGGGAAGTCTAGCTTCTTCAGTGATCGTGGAAGTGGATCAAGGGGAAGGTAAGTGATTTCTTAATCACCTTACGTGTATGTATAATAACAGTTTAATAAGTCGTTATCCTGACCACCTGTTTGGATGTTAAGCATTATGTCTGTTTGGTCATTGTATTTNCTTAGCCGTAAGAGGC	False	True	False	0	0.0	0	1	0.188323917137
AGGTTTCTACGATAAAGACAGTTCAGGGTGGAGTTCTAGCAAAGATAAGGATGCGTTTAGCAGTTTTGGATCTCGTAGTGATTCAAGAGGGAAGTCTAGCTTCTTCAGTGATCGTGGAAGTGGATCAAGGGGAAGGTAAGTGATTTCTTAATCACCTTACGTGTATGTATAATAACAGTTTAATAAGTCGTTATCCTGACCACCTGTTTGGATGTTAAGCATTATGTCTGTTTGGTCATTGTATTTTCTTAGCCGTAAGAGGC	False	True	False	0	0.0	0	1	0.188323917137
AGGTTTCTACGATAAAGACAGTTCAGGGTGGAGTTCTAGCAAAGATAAGGATGCGTATCGCAGTTTTGGATCTCGTAGTGATTCAAGAGGGAAGTCTAGCTTCTTCAGTGATCGTGGAAGTGGATCAAGGGGAAGGTAAGTGATTTCTTAATCACCTTACGTGTATGTATAATAACAGTTTAATAAGTCGTTATCCTGACCACCTGTTTGGATGTTAAGCATTATGTCTGTTTGGTCATTGTATTTTCTTAGCCGTAAGAGGC	False	True	False	0	0.0	0	1	0.188323917137
AGGTTTCTACGATAAAGACAGTTCAGGGTGGAGTTCTAGCAAAGATAAGGATGCGTATAGCAGTTTTGGATCTCTTAGTGATTCAAGAGGGAAGTCTAGCTTCTTCAGTGATCGTGGAAGTGGATCAAGGGGAAGGTAAGTGATTTCTTAATCACCTTACGTGTATGTATAATAACAGTTTAATAAGTCGTTATCCTGACCACCTGTTTGGATGTTAAGCATTATGTCTGTTTGGTCATTGTATTTTCTTAGCCGTAAGAGGC	False	True	False	0	0.0	0	1	0.188323917137
AGGTTTCTACGATAAAGACAGTTCAGGGTGGAGTTCTAGCAAAGATAAGGATGCGTATAGCAGTTTTGGATCTCGTATTGATTCAAGAGGGAAGTCTAGCTTCTTCAGTGATCGTGGAAGTGGATCAAGGGGAAGGTAAGTGATTTCTTAATCACCTTACGTGTATGTATAATAACAGTTTAATAAGTCGTTATCCTGACCACCTGTTTGGATGTTAAGCATTATGTCTGTTTGGTCATTGTATTTTCTTAGCCGTAAGAGGC	False	True	False	0	0.0	0	1	0.188323917137
AGGTTTCTACGATAAAGACAGTTCAGGGTGGAGTTCTAGCAAAGATAAGGATGCGTATAGCAGTTTTGGATCTCGTAGTGCTTCAAGAGGGAAGTCTAGCTTCTTCAGTGATCGTGGAAGTGGATCAAGGGGAAGGTAAGTGATTTCTTAATCACCTTACGTGTATGTATAATAACAGTTTAATAAGTCGTTATCCTGACCACCTGTTTGGATGTTAAGCATTATGTCTGTTTGGTCATTGTATTTTCTTAGCCGTAAGAGGC	False	True	False	0	0.0	0	1	0.188323917137
AGGTTTCTACGATAAAGACAGTTCAGGGTGGAGTTCTAGCAAAGATAAGGATGCGTATAGCAGTTTTGGATCTCGTAGTGATTCAAGAGGGAAGTCTATCTTCTTCAGTGATCGTGGAAGTGGATCAAGGGGAAGGTAAGTGATTTCTTAATCACCTTACGTGTATGTATAATAACAGTTTAATAAGTCGTTATCCTGACCACCTGTTTGGATGTTAAGCATTAGGTCTGTTGGGTCATTGTATTTTCTTAGCCGTAAGAGGC	False	True	False	0	0.0	0	1	0.188323917137
AGGTTTCTACGATAAAGACAGTTCAGGGTGGAGTTCTAGCAAAGATAAGGATGCGTATAGCAGTTTTGGATCTCGTAGTGATTCAAGAGGGAAGTCTAGCTTCTTCAGTGATCGTGGAAGTGGATCAAGGGGAAGGTAAGTGATTTCTTAATCACCTTACGTGTATGTATAATAACAGTTTAATAAGTCGTTATCCTGACCACCTGTTTGGATGTTAAGCATTATGTCTGTTTGGTCATTGTATTTTCTTAGCCGTAAGAGGGC	False	True	False	0	0.0	0	1	0.188323917137
AAGGTTTCTACGATAAAGACAGTTCAGGGTGGAGTTCTAGCAAAGATAAGGATGCGTATAGCAGTTTTGGATCTCGTAGTGATTCAAGAGGGAAGTCTAGCTTCTTCAGTGATCGTGGAAGTGGATCAAGGGGAAGGTAAGTGATTTCTTAATCACCTTACGTGTATGTATAATAACAGTTTAATAAGTCGTTATCCTGACCACCTGTTTGGATGTTAAGCATTATGTCTGTTTGGTCATTGTATTTTCTTAGCCGTAAGAGGC	False	True	False	0	0.0	0	1	0.188323917137
AGGTTTCTACGATAAAGACAGTTCAGGGTGGAGTTCTAGCAAAGATAAGGATGCGTATAGCAGTTTTGGATCTCGTAGTGATTCAAGAGGGAAGTCTAGCTTCTTCAGTGATCGTGGAAGTGGATCAAGGGGAAGGTAAGTGATTTCTTAATCACCTTACGTGTATGTATAATAACAGTTTAATAAGTCGTTATCCTGACCACCTGTTTGGATGTTAAGCATTATGTCTGTTTGGTCATTGTATTTTCTTAGCCGTAA-AGGC	False	True	False	0	0.0	0	1	0.188323917137
AGGTTTCTACG-TAAGAGGCAGATC-----GGAAGAGCGGTTC-AGC-------AGGAATGCCGAGACCGATCTCTGACCACTATCTCGTATGCCGTCTTCTGCTTGAAAA---------AACTACTTCAGTGATCGTGGAAGTGGATCAAGGGGAAGGTAAGTGATTTCTTAATCCCCTTACGTGTATGTATAATAACAGTTTTTTTTAAT----GATACGGCGACCACC-----GAGATCTACA---------CTCTTTCCCTACACGACGCTCTTCCGATCTAGNTTTCT---ACGTAAGAGGC	True	False	False	9	15.0	0	1	0.188323917137
AGGTTTCTACGATAAAGACAGTTCAGGGTGGAATTCTAGCAAAGATAAGGATGCGTATAGCAGTTTTGGATCTCGTAGTGATTCAAGAGGGAAGTCTAGCTTCTTCAGTGATCGTGGAAGTGGATCAAGGGGAAGGTAAGTGATTTCTTAATCACCTTACGTGTATGTATAATAACAGTTTAATAAGTCGTTATCCTGACCACCTGTTTGGATGTTAAGCATTATGTCTGTTTGGTCATTGTATTTTCTTTAGCCGTAAGAGGC	False	True	False	0	0.0	0	1	0.188323917137
AGGTTTCTACGATAAAGACAGTTCAGGGCGGAGTTCTAGCAAAGATAAGGATGCGTATAGCAGTTTTGGATCTCGTAGTGATTCAAGAGGTAAGTCTAGCTTCTTCAGTGATCGTGGAAGTGGATCAAGGGGAAGGTAAGTGATTTCTTAATCAACTTACGTGTATGTAGAATAATAGTTTAATAAGTCGTTAACCTGACCCCCAGTTGGGATGTTAAGCATTATGTCTGTTGGGTCAATGTATTTTCTTAGCCGTAAGAGGC	False	True	False	0	0.0	0	1	0.188323917137
AGGTTTCTACGATAAAGACAGTTCAGGGCGGAGTTCTAGCAAAGATAAGGATGCGTATAGCAGTTTTGGATCTCGTAGTGATTCAAGAGGGAAGTCTAGCTTCTTCAGTGATCGTGGAAGTGGATCAAGGGGAAGGTAAGTGATTTCTTAATCACCTTACGTGTATGTATAATAACAGTTTAATAAGTCGTTATCCTGACCACCTGTTTGGATGTTAAGCATTATGTCTGTTTGGTCATTGTATTTTCTTAGCCGTAAGAGGT	False	True	False	0	0.0	0	1	0.188323917137
AGGTTTCTACGATAAAGACAGTTCAAGGTGGAGTTCTAGCAAAGATAAGGATGCGTATAGCAGTTTTGGATCTCGTAGTGATTCAAGAGGGAAGTCTAGCTTCTTCAGTGATCGTGGAAGTGGATCAAGGGGAAGGTAAGTGATTTCTTAATCACCTTACGTGTATGTATAATAACAGTTTAATAAGTCGTTATCCTGACCACCTGTTTGGATGTTAAGCATTATGTCTGTTTGGTCATTGTATTTNCTTAGCCGTAAGAGGC	False	True	False	0	0.0	0	1	0.188323917137
AGGTTTCTACGATAAAGACAGCTCAGGGTGGAGTTCTAGCAAAGATAAGGATGCGTATAGCAGTTTTGGATCTCGTAGTGATTCAAGAGGGAAGTCTAGCTTCTTCAGTGATCGTGGAAGTGGATCAAGGGGAAGGTAAGTGATTTCTTAATCACCTTACGTGTATGTATAATAACAGTTTAATAAGTCGTTATCCTGACCACCTGTTTGGATGTTAAGCATTATGTCTGTTTGGTCATTGTATTTTCTTAGCCGTAAGAGGC	False	True	False	0	0.0	0	1	0.188323917137
AGGTTTCTACGAT-AAGACAGTTCAGGGTGGAGTTCTAGCAAAGATAAGGATGCGTATAGCAGTTTTGGATCTCGTAGTGATTCAAGAGGGAAGTCTAGCTTCTTCAGTGATCGTGGAAGTGGATCAAGGGGAAGGTAAGTGATTTCTTAATCACCTTACGTGTATGTATAATAACAGTTTAATAAGTCGTTATCCTGACCACCTGTTTGGATGTTAAGCATTATGTCTGTTTGGTCATTGTATTTNCTTAGCCGTAAGAGGC	False	True	False	0	0.0	0	1	0.188323917137
AGGTTTCTACGAAAGAGGCAGATC-GGAAGAGAGGTTTAGCAGGAATGCCGAGACCGATCTCTGATCACTATCTCGTAT-GCAGT----CATCTGGT--TGA---AAAAAAAAA----------ATAAGTGATCGTTGAAGTGGATCAAGGGGAATGTAAGTGATTTCTTAATCCCCTTTCGTGTATTTATAATTACTTTTT-----TTTTTATTGTTACGGCGACCACCTATATCTACGCTCTGTCCCTA--CACTACTCTCT------TCCTATCTATTTTTCT---CCGTAAGAGGC	True	False	False	15	0.0	0	1	0.188323917137
AGGTTTCTACG-TAAGAGGCAGATCGGAAGAGCGG---TTTAGC-------AGGAATGCCGAGACCGATCTCTGACCACTATCTCGTA------------TGCCGTCTTCTGCTTGGAAAAAAAACATCAGTGATCGTGGAAGTGGATCAAGGGGAAGGTAAGTGATTTCTTAATCACCTTACGTGTATGTATAATAACTGTTTATTTTAAT----GTTACGGCGACCACC------GATATCTA--CA------CTCTTTCCCTACACTACGCGGTTCCGATCTAGNTTTCT---ACGTAAGAGGC	True	False	False	12	8.0	0	1	0.188323917137
AGGTTTCTACG-TAAGAGGCAGATC-----GGAAGAGCGGTTC-AGCAGGAATACCGAGACCGATCTCTGATCACT-----ATCTCGTATGCCGTCTTGTGCTTGAAAA---------AAAATAATCAGTGATCGTGGAAGTGGATCAAGGGGAAGGTAAGTGATTTCTTAATCACATTACGTGTATGTATAATAACAGTTTTTTTTAAT----GTTACGGCGACCACC-----GAGATG-TACG--------CTCTTTCCCTACACGGCGCTCTTCCGATCTAGNTTTCT---ACGTAAGAGGC	True	False	False	14	9.0	0	1	0.188323917137
AGGTTTCTACG-TAAGAGGCAGATC-----GGAAGAGCGGTTC-AGC-------AGGAATGCCGAGACCGATCTCTGACCACTATCTCGTATGCCGTCTTCTGCTTGAAAAAAAAA---------ATTCAGTGATCGTGGAAGTGGATCAAGGGGAAGGTAAGTGATTTCTTAATCACCTTACGTGTATGTATAATAACATTTTTTTTTAAT----GATACGGTGACCACC------GAGATCTACG--------CTCTTTCCCTACACGACGCTCTTCCGATCTAGNTTTCT---ACGTAAGAGGC	True	False	False	9	15.0	0	1	0.188323917137
AGGTTTCTACG-TAAGAGGCAGATC-----GGAAGAGCGGTTC-AGC-------AGGAATGCCGAGACCGATCTCTGACCACTATCTCGTATGCCGTCTTCTGCTTGAAAA---------AACAAATTCAGTGATCGTGGAAGTGGATCAAGGGGAAGGTAAGTGATTTCTTAATCACCTTACGTGTATGTATAATAACATTTTATTATAAT-GATACGGCGACCACC----GGGAT-CTACG--------CTCTTTCCCTACACGACGCTCTTCCGATCTAGGTTTCT---ACGTAAGAGGC	True	False	False	9	15.0	0	1	0.188323917137
AGGTTTCTACGATAAAGACAGTTCAGGGTGGAGTTCTAGCAAAGATAAGGAGGCGTATAGCAGTTTTGGATCTCGTAGTGATTCAAGAGGGAAGTCTAGCTTCTTCAGTGATCGTGGAAGTGGATCAAGGGGAAGGTAAGTGATTTCTTAATCACCTTACGTGTATGTATAATATCAGTTTAATAAGTCGTTATCCTGACCGCCTGTTTGGATGTTAAGCATTATGTCTGTTTGGTCATTGTATTTTCTTAGCCGTAAGAGGC	False	True	False	0	0.0	0	1	0.188323917137
AGGTTTCTACG-TAAGAGGCAGATC-----GGAAGAGCGGTTC-AGC-------AGGAATGCCGAGACCGATCTCTGACCACTATCTCGTATGCCGTCTTCTGCTTGAA---------CTAACTTCTTCAGTGATCGTGGAAGTGGATCAAGGGGAAGGTAAGTGATTTCTTAATCAACTTACGTGTATGTATAATAACAGTTTTTTTTAAT----GATACGGCGACCACC-----GAGATCT---ACACTCTGTCCCTACACGGCGCTCTTCCGATC----TAGNTTTCT---ACGTAAGAGGC	True	False	False	9	15.0	0	1	0.188323917137
AGGTTTCTACG-TAAGAGGCAGATC-----GGAAGAGCGGTTC-AGC-------AGGAATGCCGAGACCGATCTCTGACCACTATCTCGTATGCCGTCTTCTGCTTGAA---------CAAAATACTTCAGTGATCGTGGAAGTGGATCAAGGGGAAGGTAAGTGATTTCTTAATCACCTTACGTGTATGTATAATAACAGTTTTTTTTAAT----GATACGGCGACCACC-----GAGATCT---ACACTCTGTCCCTACACGACGCTCTTCCGATC----TAGNTTTCT---ACGTAAGAGGC	True	False	False	9	15.0	0	1	0.188323917137
AGGTTTCTACG-TAAGAGGCAGATC-----GGAAGAGCGGTTC-AGC-------AGGAATGCCGAGACCGATCTCTGACCACTATCTCGTA------------TGCCGTCTTCTGCTTGAAATAAAAACTTCAGTGATCGTGGAAGTGGATCAAGGGGAAGGTAAGTGATTTCTTAATCACCTTACGTGTATGTATAATAACAGTTTATTATAAT-GATACGGCGACCACC-----GAGATCT---ACACTCTGTCCCTACACGACGCTGTTCCGATC----TAGNTTTCT---ACGTAAGAGGC	True	False	False	12	8.0	0	1	0.188323917137
AGGTTTCTACG-TAAGAGGCA------GATGGAAGAGCGGTTC-AGC-------AGGAATGCCGACCG-ATCTCTGACCACT-----ATCTCGTATGCCGTCTTCTGCTTGAAAAAAAAA------ATTCTTCAGTGATCGTGGAAGTGGATCAAGGGGAAGGTAAGTGATTTCTTAATCACCTTACGTGTATGTATAATAACATTTTATTAAAAT----GTTACGGCGACCACCGAGTTG-----TACGC------TCTGCCCCAACACGGCGCTGTCCCGATC----TAGTTTTCT---ACGTAAGAGGC	True	False	False	11	9.0	0	1	0.188323917137
AGGTTTCTACG-TAAAGACAGTTCAGGGTGGAGTTCTAGCAAAGATAAGGATGCGTATAGCAGTTTTGGATCTCGTAGTGATTCAAGAGGGAAGTCTAGCTTCTTCAGTGATCGTGGAAGTGGATCAAGGGGAAGGTAAGTGATTTCTTAATCACCTTACGTGTATGTATAATAACAGTTTAATAAGTCGTTATCCTGACCACCTGTTTGGATGTTAAGCATTATGTCTGTTTGGTCATTGTATTTTCTTAGCCGTAAGAGGC	False	True	False	0	0.0	0	1	0.188323917137
AGGTTTCTAAGATAAAGACAGTTCAGGGTGGAGTTCTAGCAAAGATAAGGATGCGTATAGCAGTTTTGGATCTCGTAGTGATTCAAGAGGGAAGTCTAGCTTCTTCAGTGATCGTGGAAGTGGATCAAGGGGAAGGTAAGTGATTTCTTAATCACCTTACGTGTATGTATAATAACAGTTTAATAAGTCGTTATCCTGACCACCTGTTTGGATGTTAAGCATTATGTCTGTTTGGTCATTGTATTTTCTTAGCCGTAAGAGGC	False	True	False	0	0.0	0	1	0.188323917137
AGGTTTCT-CGATAAAGACAGTTCAGGGTGGAGTTCTAGCAAAGATAAGGATGCGTATAGCAGTTTTGGATCTCGTAGTGATTCAAGAGGGAAGTCTAGCTTCTTCAGTGATCGTGGAAGTGGATCAAGGGGAAGGTAAGTGATTTCTTAACCTCTTTACGTGTATGTAAAATACCAGTTTAATAAGTTGTTATCCTG-CCCCCTGGTTTGGATGTTAAGAATTAGGTTTGTGGGGTATTTGTATTTTCTGAGCCGAAAGAGGC	False	True	False	0	0.0	0	1	0.188323917137
AGGTTTCCACGATAAAGACAGTTCAGGGTGGAGATCTAGCAAAGATAAGGATGCGTATAGCAGTTTTGGATCTCGTAGTGATTCAAGAGGGAAGTCTAGCTTCTTCAGTGATCGTGGAAGTGGATCAAGGGGAAGGTAAGTGATTTCTTAATCCCCTTACGTGTATGTATAATAACAGTTTAATAAGTCGTTATCCTGACCACCTGTTTGGATGTTAAGCATTATGTCTGTTTGGTCATTGTATTTTCTTAGCCGTAAGAGGC	False	True	False	0	0.0	0	1	0.188323917137
AGGTTT-TACGATAAAGACAGTTCAGGGTGGAGTTCTAGCAAAGATAAGGATGCGTATAGCAGTTTTGGCTCTCGTAGTGATTCAAGAGGGAAGTCTAGCTTCTTCAGTGATCGTGGAAGTGGATCAAGGGGAAGGTAAGTGATTTCTTAATCACCTTACGTGTATGTATAATAACAGTTTAATAAGTCGTTATCCTGACCACCTGTTTGGATGTTAAGCATTATGTCTGTTTGGTCATTGTATTTTCTTAGCCGTAAGAGGC	False	True	False	0	0.0	0	1	0.188323917137
AGG-TTCTACGATAAAGACAGTTCAGGGTGGAGTTCTAGCAAAGATAAGGATGCGTATAGCAGTTTTGGATCTCGTAGTGATTCAAGAGGGAAGTCTAGCTTCTTCAGTGATCGTGGAAGTGGATCAGGGGGAAGGTAAGTGATTTCTTAATCACCTTACGTGTATGTATAATAACAGTTTAATAAGTCGTTATCCTGACCACCTGTTTGGATGTTAAGCATTATGTCTGTTTGGTCATTGTATTTTCTTAGCCGTAAGAGGC	False	True	False	0	0.0	0	1	0.188323917137
AGGTTTCTACGATAAAGACAGTTCAGGGTGGAGGTCTAGCAAAGATAAGGATGCGTATAGCAGTTTTGGATCTCGTAGTGATTCAAGAGGGAAGGCTAGCTTCTTCAGTGATCGTGGAAGTGGATCAAGGTGAAGGTAAGTGATTTCTTACTCACCTTCCGTGTATGTATAATAACAGTTTAATAAGTCGTTATCCTGACCCCCTGTTTGGATGTTAAGCATTATGTCTGTTTGTTCATTGTATTTTCTTAGCCGTAAGAGGC	False	True	False	0	0.0	0	1	0.188323917137
AGGTTTCTACGATAAAGACAGTTCAGGGTGGAGTTCTAGCAAAGATAAGGATGCGGATAGCAGTTTTGGATCTCGTAGTGATTCAAGAGGGAAGTCTAGCTTCTTCAGTGATCGTGGAAGTGGATCAAGGGGAAGGTAAGTGATTTCTTAATCACCTTACGTGTATGTATAATAACAGTTTAATAAGTCGTTATCCTGACCACCTGTTTGGATGTTAAGCATTATGTCTGTTTGGTCATTGTATTTNCTTAGCCGTAAGAGGC	False	True	False	0	0.0	0	1	0.188323917137
AGGTTTCTACGATAAAGACAGTTCAGGGTGGAGTTCTAGCAAAGATAAGGATGCGTATAGCAGTTTTGGATCTCGTAGTGATTCAAGAGGGAAGTCTAGCTTCTTCAGTGATCGTGGAAGTGGATCAAGGGGAAGGTAAGTGATTTCTTAATCACCTTACGTGTATGTATAATAACAGTTTAATAAGTCGTTATCCTGACCACCTGTTTGGATGTTAAGCATTATGTCTGTTTGGTCATTGTATTTTCTTAGACGTAAGAGGCANATCGGAAGAGCGGTTC	False	True	False	0	0.0	0	1	0.188323917137
AGGTTTCTACGATAAAGACAGTTCAGGGTGGAGTTCTAGCAAAGATAAGGATGCGTATAGCAGTTTTGGATCTCGTAGTGATTCAAGAGGGAAGTCTAGCTTCTTCAGTGATCGTGGAAGTGGATCAAGGGGAAGGTAAGTGATTTCTTAATCACCTTACGTGTATGTATAATAACAGTTTAATAAGTCGTTACCCTGACCGCCTGTTTGGATGTTAAGCATTATGTCTGTTTGGTCATTGTATTTTCTTAGCCGTAAGAGGC	False	True	False	0	0.0	0	1	0.188323917137
AGGTTTCTACGATAAAGACAGTTCAGGGTGGAGTTCTAGCAAAGATAAGGATGCGTATAGCAGTTTTGGATCTCGTAGTGATTCAAGAGGGAAGTCTAGCTTCTTCAGTGATCGTGGAAGTGGATCAAGGGGAAGGTAAGTGATTTCTTAATCACCTTACGTGTATGTATAATAACAGTTTAATAAGTCGTTATCCTGACCACCTGTTTGGATGTTAAGCATTATGTCTGTTTGGTCATTGTATTTTC-TAGCCGTAAGAGGC	False	True	False	0	0.0	0	1	0.188323917137
AGG-TTCTACGATAAAGACAGTTCAGGGTGGAGTTCTAGCAAAGATAAGGATGCGTATAGCAGTTTTGGATCTCGTAGTGATTCAAGAGGGAAGTCTAGCTTCTTCAGTGATCGTGGAAGTGGATCAAGGGGAAGGTAAGTGATTTCTTAATCACCTTACGTGTATGTATAATAACAGTTTAATAAGTCGTTATCCTGACCACCTGTTTGGATGTTAAGCATTATGTCTGTTTGGTCATTGTATTTNCTTAGCCGTAAGAGGC	False	True	False	0	0.0	0	1	0.188323917137
AGGTTTCTACGATAAAGACAGTTCAGGGTGGAGTTCTAGCAAAGATAAGGATGCGTATAGCAGTTTTGGATCTCGTAGTGATTCAAGAGGGAAGTCTAGCTTCTTCAGTGATCGTGGAAGTGGATCAAGGGGAAGGTAAGTGATTTCTTAATCACCTTACGTGTATGTATAATAACAGTTTAATAAGTCGTTATCCTGACCACCTGTTTGGATGTTAAGCATTATGTCTGTTTGGTCATTGTATTNTCTTAGCCGTAAGAGC-	False	True	False	0	0.0	0	1	0.188323917137
AGGTTTCTACGATAAAGACAGTTCAGGGTGGAGTTCTAGCAAAGATAAGGATGCGTATAGCAGTTTTGGATCTCGTAGTGATTCAAGAGGGAAGTCTAGCTTCTTCAGTGATCGTGGAAGTGGATCAAGGGGAAGGTAAGTGATTTCTTAATCACCTTACGTGTATGTATAATAACAGTTTAATAAGTCGTTATCCTGACCACCTGTTTGGATGTTAAGCATTATGTCTGTTTGGTCATTGTATTNTCTTAGCCGT-AGAGGC	False	True	False	0	0.0	0	1	0.188323917137
AGGTTTCTACGATAAAGACAGTTCAGGGTGGAGTTCTAGCAAAGATAAGGATGCGTATAGCAGTTTTGGATCTCGTAGTGATTCAAGAGGGAAGTCTAGCTTCTTCAGTGATCGTGGAAGTGGATCAAGGGGAAGGTAAGTGATTTCTTAATCACCTTACGTGTATGTATAATAACAGTTTAATAAGTCGTTATCCTGACCACCTGTTTGGATGTTAAGCATTATGTCTGTTTGGTCATTGTA-TTTCTTAGCCGTAAGAGGC	False	True	False	0	0.0	0	1	0.188323917137
AGGTTTCTACGATAAAGACAGTTCAGGGTGGAGTTCTAGCAAAGATAAGGATGCGTATAGCAGTTTTGGATCTCGTAGTGATTCAAGAGGGAAGTCTAGCTTCTTCAGTGATCGTGGAAGTGGATCAAGGGGAAGGTAAGTGATTTCTTAATCACCTTACGTGTATGTATAATAACAGTTTAATAAGTCGTTATCCTGACCACCTGTTTGGATGTTAAGCATTATGTCTGTTTGGCCATTGTATTTTCTTNGCCGTAAGAGGC	False	True	False	0	0.0	0	1	0.188323917137
AGGTTTCTACGATAAAGACAGTTCAGGGTGGAGTTCTAGCAAAGATAAGGATGCGTATAGCAGTTTTGGATCTCGTAGTGATTCAAGAGGGAAGTCTAGCTTCTTCAGTGATCGTGGAAGTGGATCAAGGGGAAGGTAAGTGATTTCTTAATCACCTTACGTGTATGTATAATAACAGTTTAATAAGTCGTTATCCTGACCACCTGTTTGGATGTTAAGCATTATGTCTGTTGGGTCATTGTATTTTCTTAGCCGTAAGAGGC	False	True	False	0	0.0	0	1	0.188323917137
AGGTTTCTACGATAAAGACAGTTCAGGGTGGAGTTCTAGCAAAGATAAGGATGCGTATAGCAGTTTTGGATCTCGTAGTGATTCAAGAGGGAAGTCTAGCTTCTTCAGTGATCGTGGAAGTGGATCAAGGGGAAGGTAAGTGATTTCTTAATCACCTTACGTGTATGTATAATAACAGTTTAATAAGTCGTTATCCTGACCACCTGTTTGGATGTTAAGCATTATGGCTGTTTGGTCATTGTATTTTCTTAGCCGTAAGAGGC	False	True	False	0	0.0	0	1	0.188323917137
AGGTTTCTACGATAAAGACAGTTCAGGGTGGAGTTCTAGCAAAGATAAGGATGCGTATAGCAGTTTTGGATCTCGTAGTGATTCAAGAGGGAAGTCTAGCTTCTTCAGTGATCGTGGAAGTGGATCAAGGGGAAGGTAAGTGATTTCTTAATCACCTTACGTGTATGTATAATAACAGTTTAATAAGTCGTTATCCTGACCACCTGTTTGGATGTTAAGCATTATATCTGTTTGGTCATTGTATTTTCTTAGCCGTAAGAGGC	False	True	False	0	0.0	0	1	0.188323917137
AGGTTTCTACGATAAAGACAGTTCAGGGTGGAGTTCTAGCAAAGATAAGGATGCGTATAGCAGTTTTGGATCTCGTAGTGATTCAAGAGGGAAGTCTAGCTTCTTCAGTGATCGTGGAAGTGGATCAAGGGGAAGGTAAGTGATTTCTTAATCACCTTACGTGTATGTATAATAACAGTTTAATAAGTCGTTATCCTGACCACCTGTTGGGATGTTAAGCATTATGTCTGTTTGGTCATGGTATTTNCTTAGCCGTAAGAGGC	False	True	False	0	0.0	0	1	0.188323917137
AGGTTTCTACGATAAAGACAGTTCAGGGTGGAGTTCTAGCAAAGATAAGGATGCGTATAGCAGTTTTGGATCTCGTAGTGATTCAAGAGGGAAGTCTAGCTTCTTCAGTGATCGTGGAAGTGGATCAAGGGGAAGGTAAGTGATTTCTTAATCACCTTACGTGTATGTATAATAACAGTTTAATAAGTCGGTATCCTGACCACCTGTTTGGATGTTAAGCATTATGTCTGTTTGGTCATTGTATTTTCTTAGCCGTAAGAGGC	False	True	False	0	0.0	0	1	0.188323917137
AGGTTTCTACGATAAAGACAGTTCAGGGTGGAGTTCTAGCAAAGATAAGGATGCGTATAACAGTTTTGGATCTCGTAGTGATTCAAGAGGGAAGTCTAGCTTCTTCAGTGATCGTGGAAGTGGATCAAGGGGAAGGTAAGTGATTTCTTAATCACCTTACGTGTATGTATAATAACAGTTTAATAAGTCGTTATCCTGACCACCTGTTTGGATGTTAAGCATTATGTCTGTTTGGTCATTGTATTNT-TTAGCCGTAAGAGGC	False	True	False	0	0.0	0	1	0.188323917137
AGGTTTCTACGATAAAGACAGTTCAGGGTGGAGTTCTAGCAAAGATAAGGATGCGTATAGCAGTTTTGGATCTCGTAGTGATTCAAGAGGGAAGTCTAGCTTCTTCAGTGATCGTGGAAGTGGATCAAGGGGAAGGTAAGTGATTTCTTAATCACCTTACGTATATGTATAATAACAGTTTAATAAGTCGTTATCCTGACCACCTGTTTGGATGTTAAGCATTATGTCTGTTTGGTCATTGTATTTNCTTAGCCGTAAGAGGC	False	True	False	0	0.0	0	1	0.188323917137
AGGTTTCTACGATAAAGACAGTTCAGGGTGGAGTTCTAGCAAAGATAAGGATGCGTATAGCAGTTTTGGATCTCGTAGTGATTCAAGAGGGAAGTCTAGCTTCTTCAGTGATCGTGGAAGTGGATCAAGGGGAAGGTAAGTGATTTCTTAATCACCTTACGGGTATGTAGAATAACAGTTTAATAAGTCGTTATCCTGACCACCTGTTTGGATGTTAAGCATTATGTCTGTTTGGTCATTGTATTTTCTTAGCCGTAAGAGGC	False	True	False	0	0.0	0	1	0.188323917137
AGGTTTCTACGATAAAGACAGTTCAGGGTGGAGTTCTAGCAAAGATAAGGATGCGTATAGCAGTTTTGGATCTCGTAGTGATTCAAGAGGGAAGTCTAGCTTCTTCAGTGATCGTGGAAGTGGATCAAGGGGAAGGTAAGTGATTTCTTAACCTCTTTATGGTTATGTAAAATAA-AGTTTTAATAGGTGTTTATCCTGCCCCCTTGTTGGGAGGTAAAGAATTAGGTTTGTTGGTTTATTTTTTTTTCTGGGCGGAAAGGGGC	False	True	False	0	0.0	0	1	0.188323917137
AGGTTTCTACGATAAAGACAGTTCAGGGTGGAGTTCTAGCAAAGATAAGGATGCGTATAGCAGTTTTGGATCTCGTAGTGATTCAAGAGGGAAGTCTAGCTTCTTCAGTGATCGTGGAAGTCGATCAAGGGGAAGGTAAGTGATTTCTTAATCACCTTACGTGTATGTATAATAACAGTTTAATAAGTCGTTATCCTGACCACCTGTTTGGATGTTAAGCATTATGTCTGTTTGGTCATTGTATTTNCTTAGCCGTAAGAGGC	False	True	False	0	0.0	0	1	0.188323917137
AGGTTTCTACGATAAAGACAGTTCAGGGTGGAGTTCTAGCAAAGATAAGGATGCGTATAGCAGTTTTGGATCTCGTAGTGATTCAAGAGGGAAGTCTAGCTTCTTCAGTGATCGTGGAAGGGGATCAAGGGGAAGGTAAGTGATTTCTTAATCACCTTACGTGTATGTATAATAACAGTTTAATAAGTCGTTATCCTGACCACCTGTTTGGATGTTAAGCATTATGTCTGTTTGGTCATTGTATTTTCTTAGCCGTAAGAGGC	False	True	False	0	0.0	0	1	0.188323917137
AGGTTTCTACGATAAAGACAGTTCAGGGTGGAGTTCTAGCAAAGATAAGGATGCGTATAGCAGTTTTGGATCTCGTAGTGATTAAAGAGGGAAGTCTAGCTTCTTCAGTGATCGTGGAAGTGGATCAAGGGGAAGGTAAGTGATTTCTTAATCACCTTACGTGTATGTATAATAACAGTTTAATAAGTCGTTATCCTGACCACCTGTTTGGATGTTAAGCATTATGTCTGTTTGGTCATTGTATTTNCTTAGCCGTAAGAGGC	False	True	False	0	0.0	0	1	0.188323917137
AGGTTTCTACGATAAAGACAGTTCAGGGTGGAGTTCTAGCAAAGATAAGGATGCGTATAGCAGTTTGGGATCTCGTAGTGATTCAAGAGGGAAGTCTAGCTTCTTCAGTGATCGTGGAAGTGGATCAAGGGGAAGGTAAGTGATTTCTTAATCACCTTACGTGTATGTATAATAACAGTTTAATAAGTCGTTATCCTGACCACCTGTTTGGATGTTAAGCATTATGTCTGTTTGGTCATTGTATTTTCTTAGCCGTAAGAGGC	False	True	False	0	0.0	0	1	0.188323917137
AGGTTTCTACGATAAAGACAGTTCAGGGTGGAGTTCTAGCAAAGATAAGGATGCGTATAGCAG-TTTGGCTCTCGTAGTGATTCAAGAGGGAAGTCTAGCTTCTTCAGTGATCGTGGAAGTGGATCAAGGGGAAGGTAAGTGATTTCTTAATCACCTTACGTGTATGTATAATAACAGTTTAATAAGTCGTTATCCTGACCACCTGTTTGGATGTTAAGCATTATGTCTGTTTGGTCATTGTATTTTCTTAGCCGTAAGAGGC	False	True	False	0	0.0	0	1	0.188323917137
AGGTTTCTACGATAAAGACAGTTCAGGGTGGAGTTCTAGCAAAGATAAGGATGCGTATAGCAG-TTTGGATCTCGTAGTGATTCAAGAGGGAAGTCTAGCTTCTTCAGTGATCGTGGAAGTGGATCAAGGGGAAGGTAAGTGATTTCTTAATCACCTTACGTGTATGTATAATAACAGTTTAATAAGTCGTTATCCTGACCACCTGTTTGGATGTTAAGCATTATGTCTGTTTGGTCATTGTATTTTCTTAGCCGTAAGAGGC	False	True	False	0	0.0	0	1	0.188323917137
AGGTTTCTACGATAAAGACAGTTCAGGGTGGAGTTCTAGCAAAGATAAGGATGCGTATAGCAG-TTTGGATCTCGTAGTGATTCAAGAGGGAAGTCTAGCTTCTTCAGTGATCGTGGAAGTGGATCAAGGGGAAGGTAAGTGATTTCTTAATCACCTTACGTGTATGTATAATAACAGTTTAATAAGTCGTTATCCTGACCACCTGTTTGGATGTTAAGCATTATGTCTGTTTGGTCATTGTATTTNCTTAGCCGTAAGAGGC	False	True	False	0	0.0	0	1	0.188323917137
ATGTTTCTACGATAAAGACAGTTCAGGGTGGAGTTCTAGCAAAGATAAGGATGCGTATAGCAGTTTTGGATCTCGTAGTGATTCAAGCGGGAAGTCTAGCTTCTTCAGCGATCGTGGAAGTGGATCAAGGGGAAGGTAAGTGATTTCTTAATCCCCTTGCGTGTATGTATAATAACAGTTTAATAGGTCGTTGTCCTGCCCACCTGTTTGGATGTTAAGCATTATGGATGTTTGGTCGTTGTATTTTCTGAGCCGTAAGAGGC	False	True	False	0	0.0	0	1	0.188323917137
